Symbol,Company Name,Market Cap,Div. ($),Div. Yield,Payout Ratio,Div. Growth,Payout Freq.,Years,Div. Growth 3Y,Div. Growth 5Y,Category,fiveYearAvgDivdendYield,Trainling_5Y_avg_dividend_yield,Trainling_5Y_min_dividend_yield,Trainling_5Y_max_dividend_yield,Trainling_10Y_avg_dividend_yield,Trainling_10Y_min_dividend_yield,Trainling_10Y_max_dividend_yield,Sector,Industry,FCF_Dividend_Ratio,Debt_to_Equity,ROE,Five_y_DividendYield_diff,Ten_y_DividendYield_diff
WMT,Walmart Inc.,911.47B,0.94,0.008199999999999999,0.3287,0.1325,Quarterly,52.0,0.07980000000000001,0.0548,Aristocrat+King,0.0134,0.014091627585900452,0.007995848830137188,0.01980196633045684,0.020049410860731642,0.007995848830137188,0.03995965091180588,Consumer Defensive,Discount Stores,0.0,66.75,23.66,-0.38805970149253743,-0.5910104263432324
JNJ,Johnson & Johnson,497.21B,5.20,0.0252,0.49670000000000003,0.046799999999999994,Quarterly,63.0,0.0492,0.0525,Aristocrat+King,0.0279,0.03049283924891689,0.02427977795423076,0.03598359089621966,0.03185084486162566,0.02427977795423076,0.04132925102714565,Healthcare,Drug Manufacturers - General,0.0,57.77,33.62,-0.09677419354838714,-0.20881219605068285
XOM,Exxon Mobil Corporation,492.10B,4.12,0.0353,0.5808,0.0417,Quarterly,44.0,0.0377,0.0282,Aristocrat,0.041,0.04564298182731362,0.03168091323212247,0.10329621244666538,0.05565704511448964,0.03168091323212247,0.1441284423527226,Energy,Oil & Gas Integrated,0.0,15.67,11.42,-0.13902439024390253,-0.36575863976634165
ABBV,AbbVie Inc.,400.88B,6.92,0.0305,5.0356,0.0572,Quarterly,53.0,0.0521,0.06559999999999999,Aristocrat+King+SCHD,0.0375,0.042389691091232085,0.02703695653923865,0.061057863636257766,0.050582794985618934,0.02703695653923865,0.0926015425661333,Healthcare,Drug Manufacturers - General,0.0,0.0,137.96,-0.18666666666666665,-0.39702817907410265
HD,"The Home Depot, Inc.",343.45B,9.20,0.026699999999999998,0.6275,0.0222,Quarterly,15.0,0.0658,0.0892,SCHD,0.0231,0.025432244168676572,0.01754598555164002,0.031965725297115374,0.02628760092920469,0.01754598555164002,0.04529027384872996,Consumer Cyclical,Home Improvement Retail,0.0,544.59,162.91,0.1558441558441558,0.015687969088770883
PG,The Procter & Gamble Company,337.56B,4.23,0.029300000000000003,0.6171,0.0545,Quarterly,69.0,0.045899999999999996,0.0572,Aristocrat+King,0.0243,0.026439360104965965,0.023007345156098074,0.03205634389879657,0.03140861470489845,0.023007345156098074,0.049136490652662713,Consumer Defensive,Household & Personal Products,0.0,67.12,31.9,0.20576131687242818,-0.06713491584108568
CSCO,"Cisco Systems, Inc.",309.84B,1.64,0.0209,0.6333,0.025,Quarterly,15.0,0.025699999999999997,0.0264,SCHD,0.029,0.03150429215495837,0.020436137071651088,0.04225362639273735,0.03563600571221331,0.020436137071651088,0.05310890032161857,Technology,Communication Equipment,0.0,63.23,22.42,-0.2793103448275863,-0.41351451762628183
KO,The Coca-Cola Company,301.37B,2.04,0.0291,0.6756,0.051500000000000004,Quarterly,63.0,0.0504,0.0446,Aristocrat+King+SCHD,0.0293,0.03230227597943879,0.02761665411889208,0.039588902337416264,0.036859141491189906,0.02761665411889208,0.05203135343059083,Consumer Defensive,Beverages - Non-Alcoholic,0.0,144.77,42.44,-0.0068259385665528595,-0.21050792767499754
CVX,Chevron Corporation,297.50B,6.84,0.0463,0.9643999999999999,0.049100000000000005,Quarterly,38.0,0.0583,0.057999999999999996,Aristocrat+SCHD,0.0418,0.04747676625271745,0.03430922726824453,0.07564908825453596,0.05380019499326195,0.03430922726824453,0.12293354890688668,Energy,Oil & Gas Integrated,0.0,21.24,7.32,0.1076555023923446,-0.13940832359810754
IBM,International Business Machines Corporation,281.34B,6.72,0.0223,0.8026000000000001,0.006,Quarterly,29.0,0.0055000000000000005,0.0058,Aristocrat,0.0416,0.04620754059058464,0.021334687172551037,0.0676283079686002,0.05282419067638818,0.021334687172551037,0.08759594596589453,Technology,Information Technology Services,0.0,237.83,30.16,-0.46394230769230765,-0.5778449283470452
CAT,Caterpillar Inc.,269.66B,6.04,0.0105,0.30469999999999997,0.0741,Quarterly,32.0,0.08039999999999999,0.0759,Aristocrat,0.0183,0.01960354095099011,0.00965457735877699,0.03130870454259312,0.027640459353521794,0.00965457735877699,0.06711259580896384,Industrials,Farm & Heavy Construction Machinery,0.0,201.05,46.28,-0.4262295081967213,-0.620122087491207
MRK,"Merck & Co., Inc.",250.91B,3.40,0.0336,0.4341,0.0513,Quarterly,14.0,0.0542,0.0575,SCHD,0.0305,0.0338486730244447,0.024390222034635898,0.04536560493931875,0.03603813453839055,0.024390222034635898,0.05158096472251106,Healthcare,Drug Manufacturers - General,0.0,79.71,39.49,0.10163934426229504,-0.06765429369806208
MCD,McDonald's Corporation,224.93B,7.44,0.0236,0.6118,0.0575,Quarterly,50.0,0.08199999999999999,0.073,Aristocrat,0.0221,0.024076296663408808,0.021371944756966525,0.028138254589413835,0.02755093197759516,0.021371944756966525,0.04164006025914482,Consumer Cyclical,Restaurants,0.0,0.0,0.0,0.06787330316742071,-0.1434046579915379
ABT,Abbott Laboratories,218.14B,2.52,0.020099999999999996,0.3015,0.07139999999999999,Quarterly,53.0,0.07719999999999999,0.0942,Aristocrat+King,0.0172,0.018596458844472877,0.013715194575533395,0.023507446133525504,0.02040570211271413,0.013715194575533395,0.03433383325628164,Healthcare,Medical Devices,0.0,25.31,30.62,0.1686046511627905,-0.014981210204164529
PEP,"PepsiCo, Inc.",204.93B,5.69,0.0384,1.0693000000000001,0.054900000000000004,Quarterly,53.0,0.0751,0.0693,Aristocrat+King+SCHD,0.0295,0.03285328950362325,0.025722283508633134,0.04533587355231946,0.03490328979780511,0.025722283508633134,0.046584837547891625,Consumer Defensive,Beverages - Non-Alcoholic,0.0,260.19,37.16,0.30169491525423725,0.10018282581531257
LIN,Linde plc,196.79B,6.00,0.014199999999999999,0.40159999999999996,0.0791,Quarterly,33.0,0.0863,0.09269999999999999,Aristocrat,0.0132,0.014188398600853249,0.011096596754953541,0.01848346823923467,0.01928755605112266,0.011096596754953541,0.03546863923912899,Basic Materials,Specialty Chemicals,0.0,64.67,17.98,0.07575757575757569,-0.2637740125103373
AMGN,Amgen Inc.,176.29B,10.08,0.0308,0.7469,0.0581,Quarterly,16.0,0.06709999999999999,0.0805,SCHD,0.0306,0.034067076702906346,0.027557460300689934,0.04297576581121785,0.034130232742069506,0.02584668832603703,0.04297576581121785,Healthcare,Drug Manufacturers - General,0.0,567.49,81.71,0.006535947712418375,-0.0975742757817354
VZ,Verizon Communications Inc.,167.90B,2.76,0.0693,0.5832,0.018600000000000002,Quarterly,21.0,0.019,0.0194,SCHD,0.0597,0.07055974297952661,0.05574358141734251,0.09887816244251395,0.06893645588499903,0.05489883221153666,0.09887816244251395,Communication Services,Telecom Services,0.0,164.8,19.88,0.16080402010050246,0.005273611913084782
NEE,"NextEra Energy, Inc.",165.65B,2.27,0.0285,0.7192000000000001,0.1,Quarterly,29.0,0.1005,0.1011,Aristocrat,0.0243,0.02685691297484152,0.018314180543299023,0.040607702556471836,0.028956684145500153,0.018314180543299023,0.040607702556471836,Utilities,Utilities - Regulated Electric,0.0,144.16,8.24,0.1728395061728396,-0.015771285938867445
TXN,Texas Instruments Incorporated,160.18B,5.44,0.030899999999999997,1.0019,0.045599999999999995,Quarterly,21.0,0.0479,0.0745,SCHD,0.0268,0.029622254897609595,0.022967269433891734,0.03930101533742827,0.030932589476460413,0.022967269433891734,0.045358917244108024,Technology,Semiconductors,0.0,84.48,29.76,0.15298507462686553,-0.001053564444878314
SPGI,S&P Global Inc.,155.22B,3.84,0.0075,0.27940000000000004,0.054900000000000004,Quarterly,52.0,0.049699999999999994,0.0746,Aristocrat+King,0.0081,0.008505452630275795,0.006651335325946303,0.01218862773130738,0.009947656872292801,0.006651335325946303,0.018083185245849495,Financial Services,Financial Data & Stock Exchanges,0.0,31.78,11.99,-0.07407407407407406,-0.24605360877597798
LOW,"Lowe's Companies, Inc.",134.88B,4.80,0.02,0.3937,0.044000000000000004,Quarterly,53.0,0.0634,0.1561,Aristocrat+King,0.0173,0.018949861470068306,0.012372370870010202,0.024996801059115066,0.019912704586109938,0.012372370870010202,0.03758456443580611,Consumer Cyclical,Home Improvement Retail,0.0,0.0,0.0,0.15606936416184977,0.004383905436479731
MDT,Medtronic plc,126.45B,2.84,0.0288,0.7669,0.0143,Quarterly,49.0,0.0196,0.044199999999999996,Aristocrat,0.0287,0.03124757212474715,0.02023791242327351,0.04244955547850086,0.02866423286106145,0.02023791242327351,0.04244955547850086,Healthcare,Medical Devices,0.0,59.56,9.82,0.003484320557491268,0.004736465113042714
CB,Chubb Limited,122.24B,3.88,0.0125,0.15960000000000002,0.0641,Quarterly,33.0,0.051,0.0433,Aristocrat,0.0154,0.016178436796599076,0.01207513795867228,0.023075509450954237,0.02031223602921558,0.01207513795867228,0.03478749219370183,Financial Services,Insurance - Property & Casualty,0.0,30.96,13.64,-0.1883116883116883,-0.3846073872900576
COP,ConocoPhillips,113.61B,3.36,0.0365,0.44939999999999997,0.0192,Quarterly,,-0.13949999999999999,0.1334,SCHD,0.0254,0.029187904299205803,0.009967373831556273,0.060947517192480635,0.03181979244691864,0.009967373831556273,0.12439932127132089,Energy,Oil & Gas E&P,0.0,36.17,15.42,0.437007874015748,0.14708479198564284
PH,Parker-Hannifin Corporation,110.39B,7.20,0.008199999999999999,0.2503,0.1036,Quarterly,69.0,0.0974,0.1484,King,0.0127,0.013906171529718094,0.008007740772635441,0.023553989304853296,0.017434268065376606,0.008007740772635441,0.03911458605331284,Industrials,Specialty Industrial Machinery,0.0,74.95,27.29,-0.35433070866141736,-0.5296619296404705
BMY,Bristol-Myers Squibb Company,110.32B,2.52,0.04650000000000001,0.8382,0.028900000000000002,Quarterly,18.0,0.0437,0.062400000000000004,SCHD,0.0383,0.04304040982826469,0.030406890848360527,0.06455901365163583,0.040014839573442935,0.02724109724106374,0.06455901365163583,Healthcare,Drug Manufacturers - General,0.0,274.41,33.78,0.21409921671018292,0.16206888483594334
LMT,Lockheed Martin Corporation,109.71B,13.80,0.0291,0.7465999999999999,0.0471,Quarterly,22.0,0.054000000000000006,0.0638,SCHD,0.0267,0.02932231589167055,0.021237502526885287,0.03797555771312809,0.030676038641500075,0.021237502526885287,0.04331816978665578,Industrials,Aerospace & Defense,0.0,358.99,62.78,0.08988764044943817,-0.05137686322274774
ADP,"Automatic Data Processing, Inc.",104.32B,6.80,0.0264,0.6239,0.10099999999999999,Quarterly,50.0,0.1309,0.11539999999999999,Aristocrat+King,0.0196,0.02156816830805419,0.016546356147838847,0.02636271976288242,0.023789657036978853,0.016546356147838847,0.03769022122744137,Technology,Software - Application,0.0,154.92,70.57,0.34693877551020413,0.10972596027608161
MO,"Altria Group, Inc.",97.48B,4.24,0.073,0.7936,0.04,Quarterly,56.0,0.0417,0.0412,King+SCHD,0.0775,0.0952092207129274,0.06125792938497366,0.12245017297340309,0.09280756209002461,0.0570566661950832,0.1696781628835838,Consumer Defensive,Tobacco,0.0,0.0,0.0,-0.05806451612903231,-0.2134261653248795
GD,General Dynamics Corporation,91.53B,6.00,0.0177,0.3887,0.056299999999999996,Quarterly,34.0,0.059800000000000006,0.064,Aristocrat,0.0214,0.023148886683953443,0.01696017238977307,0.033718115180111585,0.024162592683118662,0.01696017238977307,0.043810210557386126,Industrials,Aerospace & Defense,0.0,40.42,17.78,-0.17289719626168218,-0.26746271676523314
UPS,"United Parcel Service, Inc.",86.47B,6.56,0.0644,1.0134,0.0060999999999999995,Quarterly,15.0,0.020099999999999996,0.1013,SCHD,0.0395,0.044985291537731134,0.02115287730428554,0.08081906355863659,0.04361517120016626,0.02115287730428554,0.08081906355863659,Industrials,Integrated Freight & Logistics,0.0,184.32,33.62,0.630379746835443,0.4765504348118782
SHW,The Sherwin-Williams Company,79.08B,3.16,0.0098,0.3089,0.10490000000000001,Quarterly,48.0,0.0953,0.10830000000000001,Aristocrat,0.0085,0.00904390232918154,0.006480129470271421,0.012285463243800518,0.009664248082637498,0.006480129470271421,0.015190636482824206,Basic Materials,Specialty Chemicals,0.0,325.15,59.94,0.1529411764705881,0.01404681628634821
CTAS,Cintas Corporation,75.00B,1.80,0.0096,0.36369999999999997,0.15460000000000002,Quarterly,44.0,0.1516,0.09539999999999998,Aristocrat,0.0093,0.010272044215110476,0.006882764228397599,0.04620375609429825,0.026609122455694,0.006882764228397599,0.0687033242837828,Industrials,Specialty Business Services,0.0,72.66,43.4,0.032258064516129024,-0.6392214731626473
EMR,Emerson Electric Co.,74.77B,2.22,0.0167,0.5285,0.0166,Quarterly,68.0,0.0108,0.0124,Aristocrat+King,0.0209,0.022109845217349558,0.014231986508756076,0.030089689027074314,0.029963597160843222,0.014231986508756076,0.05965280205056507,Industrials,Specialty Industrial Machinery,0.0,67.78,9.36,-0.20095693779904303,-0.442657037793054
ECL,Ecolab Inc.,74.66B,2.92,0.0111,0.3857,0.1356,Quarterly,39.0,0.0917,0.0723,Aristocrat,0.0104,0.010998399471783526,0.00854803570431402,0.01609853218615127,0.01146824754902468,0.00854803570431402,0.01609853218615127,Basic Materials,Specialty Chemicals,0.0,103.92,21.87,0.0673076923076924,-0.032110184877897754
ITW,Illinois Tool Works Inc.,72.57B,6.44,0.025699999999999997,0.6035,0.0724,Quarterly,55.0,0.0712,0.0707,Aristocrat+King,0.0222,0.02407843948121597,0.02097279309657026,0.031086578015118525,0.0256913022733865,0.02097279309657026,0.04147208762401691,Industrials,Specialty Industrial Machinery,0.0,278.65,91.68,0.1576576576576575,0.00033854751779192427
CL,Colgate-Palmolive Company,63.16B,2.08,0.0265,0.5826,0.04,Quarterly,62.0,0.034300000000000004,0.034,Aristocrat+King,0.023,0.024770965868727925,0.01892615116084976,0.029674366407772754,0.026380241199182766,0.01892615116084976,0.034277433833127376,Consumer Defensive,Household & Personal Products,0.0,680.05,293.63,0.15217391304347824,0.004539715915142696
AFL,Aflac Incorporated,57.84B,2.44,0.022099999999999998,0.306,0.1298,Quarterly,42.0,0.132,0.1497,Aristocrat,0.0219,0.024521191611566545,0.017813394661105236,0.03264727903406552,0.02650631256104828,0.017813394661105236,0.050899806179375964,Financial Services,Insurance - Life,0.0,50.0,15.58,0.009132420091324147,-0.16623634656460948
SLB,SLB N.V.,56.89B,1.14,0.029900000000000003,0.4435,0.0364,Quarterly,3.0,0.20600000000000002,0.054299999999999994,SCHD,0.0206,0.022318285746930948,0.011312092033645258,0.03655585607879436,0.03485417779701706,0.011312092033645258,0.1883955156672711,Energy,Oil & Gas Equipment & Services,0.0,47.46,15.18,0.4514563106796118,-0.14214014244918008
BDX,"Becton, Dickinson and Company",55.73B,4.20,0.0215,0.7165,0.07200000000000001,Quarterly,53.0,0.0581,0.054400000000000004,Aristocrat+King,0.0154,0.016497360222414475,0.01313730290111971,0.025617576963911818,0.01609029815802157,0.0121380659892256,0.025617576963911818,Healthcare,Medical Instruments & Supplies,0.0,78.85,6.54,0.39610389610389596,0.33620892471041647
EOG,"EOG Resources, Inc.",55.31B,4.08,0.04,0.397,0.07690000000000001,Quarterly,1.0,-0.2086,0.2161,SCHD,0.0256,0.037111486718299044,0.020922519762674938,0.11504686352426254,0.026848319798057806,0.0074346303165218055,0.11504686352426254,Energy,Oil & Gas E&P,0.0,26.84,18.48,0.5625,0.4898511452807405
F,Ford Motor Company,53.67B,0.75,0.0557,0.6411,-0.0385,Quarterly,,-0.145,0.4963,SCHD,0.0576,0.07056038212342321,0.02082337418668624,0.3419353306852386,0.08591842454859154,0.02082337418668624,0.3419353306852386,Consumer Cyclical,Auto Manufacturers,0.0,346.67,10.29,-0.03298611111111109,-0.3517106453866758
APD,"Air Products and Chemicals, Inc.",53.41B,7.16,0.0298,,0.0113,Quarterly,50.0,0.0338,0.0596,Aristocrat,0.0237,0.02571162140590337,0.02072206591481012,0.03400729632164602,0.02707332696364172,0.019359714540997806,0.03532012428084583,Basic Materials,Specialty Chemicals,0.0,106.23,-1.92,0.2573839662447258,0.10071436879627248
O,Realty Income Corporation,51.97B,3.24,0.0575,3.0081,0.0287,Monthly,21.0,0.027999999999999997,0.028999999999999998,Aristocrat,0.0496,0.01901671841015632,0.015712854106633978,0.02503943899662945,0.019755266103880207,0.014975279501039197,0.029222547560096578,Real Estate,REIT - Retail,0.0,73.98,2.49,0.15927419354838718,1.9106163236498346
VLO,Valero Energy Corporation,49.63B,4.52,0.0278,0.9466,0.056100000000000004,Quarterly,2.0,0.0451,0.028900000000000002,SCHD,0.0372,0.04108349803228942,0.024529484878922904,0.08758933566131066,0.05032246987831851,0.024529484878922904,0.15172695409615217,Energy,Oil & Gas Refining & Marketing,0.0,39.56,5.24,-0.25268817204301075,-0.44756288657489646
GWW,"W.W. Grainger, Inc.",48.74B,9.04,0.0088,0.24739999999999998,0.1024,Quarterly,54.0,0.0867,0.0793,Aristocrat+King,0.0107,0.011348430898416587,0.006776322857469985,0.01774561023471546,0.017166830590079743,0.006776322857469985,0.03683554328378592,Industrials,Industrial Distribution,0.0,68.67,46.72,-0.17757009345794383,-0.4873835357188596
FAST,Fastenal Company,48.62B,0.88,0.0208,0.8184,0.12179999999999999,Quarterly,26.0,0.1099,0.045599999999999995,Aristocrat+SCHD,0.0216,0.0242791075838695,0.01755456801938221,0.03959965516619556,0.028500546567665954,0.01755456801938221,0.04110086035484738,Industrials,Industrial Distribution,0.0,13.28,32.74,-0.03703703703703713,-0.2701894347669203
CAH,"Cardinal Health, Inc.",48.22B,2.04,0.0101,0.3075,0.0101,Quarterly,1.0,0.01,0.01,Aristocrat,0.025,0.026589574643295963,0.009563468117997211,0.04695549190052109,0.03261891735492237,0.009563468117997211,0.05501280041535142,Healthcare,Medical Distribution,0.0,0.0,0.0,-0.5960000000000001,-0.6903637269715864
ROP,"Roper Technologies, Inc.",47.90B,3.64,0.008199999999999999,0.2332,0.1008,Quarterly,33.0,0.1001,0.1002,Aristocrat,0.0054,0.005749627564622875,0.004625340662988467,0.007506141138310346,0.005978044575804275,0.004625340662988467,0.008338804821431097,Technology,Software - Application,0.0,47.29,8.15,0.5185185185185183,0.37168599130038876
OKE,"ONEOK, Inc.",45.10B,4.12,0.0575,0.7592,0.0404,Quarterly,2.0,0.030899999999999997,0.0195,SCHD,0.0579,0.06713954091820505,0.035612308300308475,0.1334744872377308,0.08614330841039942,0.035612308300308475,0.3586490519565785,Energy,Oil & Gas Midstream,0.0,152.22,17.85,-0.006908462867012048,-0.3325076426591196
TGT,Target Corporation,44.38B,4.56,0.04650000000000001,0.5476,0.018000000000000002,Quarterly,54.0,0.0297,0.1085,Aristocrat+King+SCHD,0.0273,0.030213404485210985,0.011754020157858874,0.05449330764065442,0.034672267534600405,0.011754020157858874,0.06107998597330034,Consumer Defensive,Discount Stores,0.0,132.06,25.09,0.7032967032967035,0.341129476276577
PAYX,"Paychex, Inc.",40.41B,4.32,0.0385,0.9547,0.1018,Quarterly,11.0,0.1012,0.11220000000000001,SCHD,0.0266,0.029722740235744154,0.020874588531870616,0.03983035253979142,0.03449776400192439,0.020874588531870616,0.058179115902973644,Technology,Software - Application,0.0,129.81,40.88,0.44736842105263164,0.1160143595930551
HSY,The Hershey Company,38.38B,5.48,0.028999999999999998,0.8190000000000001,,Quarterly,15.0,0.10980000000000001,0.11460000000000001,SCHD,0.0226,0.024846773366472796,0.016188766947448373,0.039102467772665676,0.0267767783532956,0.016188766947448373,0.039102467772665676,Consumer Defensive,Confectioners,0.0,125.76,31.01,0.2831858407079646,0.08302797361844587
NUE,Nucor Corporation,36.42B,2.24,0.0141,0.3116,0.0184,Quarterly,52.0,0.0321,0.06509999999999999,Aristocrat+King,0.0154,0.016263411713694297,0.011015670030794717,0.03581531392870727,0.02533411986851601,0.011015670030794717,0.06351723453245045,Basic Materials,Steel,0.0,31.25,9.01,-0.08441558441558447,-0.44343833244734976
SYY,Sysco Corporation,35.67B,2.16,0.028999999999999998,0.5713,0.0493,Quarterly,56.0,0.0316,0.0342,Aristocrat+King,0.0253,0.02737665555389856,0.02300270162212147,0.03367378482415016,0.028715629171324492,0.021339527260788044,0.06726951676095289,Consumer Defensive,Food Distribution,0.0,690.72,83.46,0.14624505928853748,0.009902998362977861
ED,"Consolidated Edison, Inc.",35.39B,3.40,0.0347,0.5928,0.0241,Quarterly,52.0,0.0225,0.0206,Aristocrat+King,0.0357,0.03941660357736639,0.030768875991870264,0.05587698688554123,0.04333296135145911,0.030768875991870264,0.060073578795768606,Utilities,Utilities - Regulated Electric,0.0,110.37,8.84,-0.02801120448179274,-0.1992238952108547
KMB,Kimberly-Clark Corporation,33.40B,5.04,0.0501,0.8529000000000001,0.032799999999999996,Quarterly,53.0,0.0279,0.0332,Aristocrat+King+SCHD,0.0357,0.03992788270506773,0.034821668555560646,0.05098700485377807,0.040564262962939364,0.03283220306625304,0.05325774075756934,Consumer Defensive,Household & Personal Products,0.0,500.07,136.88,0.40336134453781497,0.2350772907120918
KVUE,Kenvue Inc.,32.61B,0.83,0.048799999999999996,1.1034,0.018500000000000003,Quarterly,2.0,,,Aristocrat+King,0.0,0.0,0.0,0.0,0.0,0.0,0.0,Consumer Defensive,Household & Personal Products,0.0,85.66,13.47,0.0,0.0
FITB,Fifth Third Bancorp,31.62B,1.60,0.0335,0.4595,0.0694,Quarterly,14.0,0.0692,0.0735,SCHD,0.0357,0.040006645171674265,0.02760531205124326,0.06588199813664261,0.04017337262199279,0.024808177528859634,0.10353846601666332,Financial Services,Banks - Regional,0.0,0.0,11.51,-0.06162464985994399,-0.16611432365375942
ADM,Archer-Daniels-Midland Company,27.99B,2.04,0.035,0.8287,0.02,Quarterly,52.0,0.0733,0.0707,Aristocrat+King+SCHD,0.0269,0.029689945685574252,0.01804332631154376,0.05015916655911493,0.03433807128869719,0.01804332631154376,0.0579308554057283,Consumer Defensive,Farm Products,0.0,40.47,5.24,0.30111524163568787,0.019276816852573098
BRO,"Brown & Brown, Inc.",27.38B,0.66,0.008199999999999999,0.18600000000000003,0.1389,Quarterly,32.0,0.12240000000000001,0.1162,Aristocrat,0.0063,0.006701219981351033,0.0048462732725963395,0.008955992670082923,0.009223803458408588,0.0048462732725963395,0.01864425065419388,Financial Services,Insurance Brokers,0.0,64.75,10.7,0.3015873015873014,-0.11099580157199372
ATO,Atmos Energy Corporation,26.96B,4.00,0.024,0.4839,0.0989,Quarterly,43.0,0.091,0.0897,Aristocrat,0.0244,0.02677930117742206,0.019532237465948267,0.03358980799543237,0.026651714863350287,0.019532237465948267,0.0349944961779963,Utilities,Utilities - Regulated Gas,0.0,68.62,9.32,-0.016393442622950862,-0.09949509354074447
DOV,Dover Corporation,26.91B,2.08,0.0106,0.1272,0.0098,Quarterly,70.0,0.009899999999999999,0.01,Aristocrat+King,0.013,0.013430127851715462,0.010091150931309785,0.018125919138189214,0.018884828942309282,0.010091150931309785,0.03787162664158192,Industrials,Specialty Industrial Machinery,0.0,40.08,15.88,-0.18461538461538457,-0.4387028851369725
CINF,Cincinnati Financial Corporation,26.10B,3.48,0.0208,0.2544,0.0755,Quarterly,64.0,0.0741,0.07339999999999999,Aristocrat+King+SCHD,0.0241,0.02620565491741613,0.02065527117906481,0.033380989718381646,0.029614012007928632,0.02065527117906481,0.057067638073537624,Financial Services,Insurance - Property & Casualty,0.0,5.73,14.53,-0.1369294605809129,-0.297629784359135
GIS,"General Mills, Inc.",25.54B,2.44,0.051,0.5251,0.0167,Quarterly,6.0,0.0449,0.0397,SCHD,0.0341,0.03783392241655541,0.026282461841925463,0.053461876262719976,0.042124316582724655,0.026282461841925463,0.06834971087519906,Consumer Defensive,Packaged Foods,0.0,147.23,27.17,0.4956011730205278,0.21070213447487227
FTS,Fortis Inc.,25.52B,1.77,0.0349,0.7354,0.0195,Quarterly,9.0,0.0197,0.0361,King,0.0383,0.04249016963047978,0.03380816616168723,0.05272995939368689,0.04562105633244224,0.03380816616168723,0.06552826078592587,Utilities,Utilities - Regulated Electric,0.0,131.1,7.61,-0.08877284595300261,-0.23500236939534075
ES,Eversource Energy,25.20B,3.01,0.044800000000000006,0.8258,0.0524,Quarterly,25.0,0.056799999999999996,0.0581,Aristocrat,0.037,0.04191188990242056,0.030459160135016473,0.05748719610596261,0.040680996698038145,0.027738298023201574,0.05748719610596261,Utilities,Utilities - Regulated Electric,0.0,184.36,8.61,0.21081081081081104,0.10125128773357958
RF,Regions Financial Corporation,24.25B,1.06,0.0383,0.4537,0.051,Quarterly,12.0,0.1165,0.1069,SCHD,0.0381,0.04434081639216785,0.03172148263092427,0.07588727648155708,0.04324189440183008,0.02278402988777959,0.10664728769755619,Financial Services,Banks - Regional,0.0,0.0,11.4,0.005249343832020965,-0.11428487281123668
HAL,Halliburton Company,23.33B,0.68,0.0245,0.4486,,Quarterly,3.0,0.1231,0.1664,SCHD,0.0166,0.018253913558255182,0.005819899425070271,0.03609940067531738,0.022417352859194488,0.005819899425070271,0.17247866190457314,Energy,Oil & Gas Equipment & Services,0.0,83.61,12.79,0.47590361445783136,0.09290334830730536
PPG,"PPG Industries, Inc.",23.04B,2.84,0.0277,0.6404000000000001,0.0451,Quarterly,54.0,0.043,0.0547,Aristocrat+King,0.019,0.02041470970355343,0.012981237523266138,0.03028336409527734,0.01980904073018855,0.012981237523266138,0.03149910710846273,Basic Materials,Specialty Chemicals,0.0,99.56,16.16,0.45789473684210524,0.3983514081924118
TROW,"T. Rowe Price Group, Inc.",22.54B,5.08,0.0492,0.5542,0.0242,Quarterly,39.0,0.0191,0.0713,Aristocrat+SCHD,0.0387,0.04591940002012153,0.023537938108177295,0.07451625859841796,0.04165416717207063,0.023537938108177295,0.07451625859841796,Financial Services,Asset Management,0.0,4.09,18.67,0.27131782945736443,0.1811543319725499
DRI,"Darden Restaurants, Inc.",22.08B,6.00,0.0316,0.6183,0.0708,Quarterly,5.0,0.0765,0.5451,SCHD,0.028,0.03339851757188777,0.011597147215000238,0.046831419699155816,0.035797430975896674,0.011597147215000238,0.1210206266928928,Consumer Cyclical,Restaurants,0.0,398.72,54.1,0.12857142857142867,-0.11725508958234765
EXPD,"Expeditors International of Washington, Inc.",20.49B,1.54,0.0101,0.2505,0.0548,Semi-Annual,30.0,0.0475,0.0817,Aristocrat,0.0114,0.02401592193934517,0.01761133772449017,0.03220433403039891,0.027126360370575774,0.01761133772449017,0.03904180592181616,Industrials,Integrated Freight & Logistics,0.0,24.55,36.51,-0.11403508771929831,-0.6276684427242378
CHD,"Church & Dwight Co., Inc.",20.43B,1.18,0.0139,0.37229999999999996,0.039599999999999996,Quarterly,29.0,0.0364,0.0394,Aristocrat,0.0115,0.012103286588706132,0.010182762054296912,0.015469085219013029,0.013904985711241062,0.010182762054296912,0.021131938555576255,Consumer Defensive,Household & Personal Products,0.0,56.85,18.59,0.208695652173913,-0.0003585556536769958
CHRW,"C.H. Robinson Worldwide, Inc.",19.67B,2.52,0.0151,0.5045000000000001,0.012199999999999999,Quarterly,27.0,0.032799999999999996,0.0407,Aristocrat,0.0236,0.025514090586044008,0.015138771466780603,0.03743044078561684,0.02686891363506501,0.015138771466780603,0.03885859695997215,Industrials,Integrated Freight & Logistics,0.0,80.9,34.32,-0.3601694915254237,-0.43801226186183073
WST,"West Pharmaceutical Services, Inc.",19.61B,0.88,0.0032,0.1274,0.048799999999999996,Quarterly,33.0,0.051399999999999994,0.054400000000000004,Aristocrat,0.0024,0.0024938843863529683,0.001467315249634838,0.004423518778538803,0.003961910263958631,0.001467315249634838,0.009119120696968623,Healthcare,Medical Instruments & Supplies,0.0,9.93,16.95,0.33333333333333354,-0.19230881398039318
CTRA,Coterra Energy Inc.,19.32B,0.88,0.0347,0.40619999999999995,0.047599999999999996,Quarterly,,-0.2939,0.17079999999999998,SCHD,0.0452,0.05436164463398818,0.024573687490346257,0.13236838284953262,0.03492902747746605,0.004141582892256444,0.13236838284953262,Energy,Oil & Gas E&P,0.0,27.96,11.85,-0.23230088495575213,-0.0065569382833174875
AMCR,Amcor plc,19.12B,0.52,0.06269999999999999,1.598,0.0199,Quarterly,6.0,0.0203,0.0207,Aristocrat+SCHD,0.0466,0.051790422819608176,0.041191204406766234,0.06547314434281201,0.0735876045105297,0.041191204406766234,0.14553445770494977,Consumer Cyclical,Packaging & Containers,0.0,134.68,7.47,0.3454935622317594,-0.1479543271308933
MKC,"McCormick & Company, Incorporated",18.41B,1.92,0.027999999999999997,0.6354,0.0702,Quarterly,38.0,0.06849999999999999,0.0758,Aristocrat,0.0193,0.02096236992851857,0.0144524079909819,0.028436019300078375,0.02020208937247064,0.013106961115063548,0.028436019300078375,Consumer Defensive,Packaged Foods,0.0,75.36,13.85,0.45077720207253863,0.3859952544391551
PKG,Packaging Corporation of America,18.13B,5.00,0.024700000000000003,0.505,,Quarterly,,0.0172,0.0821,SCHD,0.0284,0.031907110098330714,0.02071405457579395,0.04920436697766516,0.0344219982714604,0.02071405457579395,0.06552874715912126,Consumer Cyclical,Packaging & Containers,0.0,91.62,19.81,-0.130281690140845,-0.2824356155848452
SNA,Snap-on Incorporated,18.01B,9.76,0.0282,0.4648,0.1477,Quarterly,15.0,0.13369999999999999,0.1391,SCHD,0.0243,0.027254171589848088,0.02124862028692454,0.033563422412934335,0.026675193161691656,0.017806823587684116,0.0526084529958277,Industrials,Tools & Accessories,0.0,22.27,18.33,0.16049382716049387,0.05716197926162063
GPC,Genuine Parts Company,17.45B,4.12,0.032799999999999996,0.7095,0.03,Quarterly,69.0,0.0479,0.0545,Aristocrat+King,0.0269,0.02935669167953996,0.02083191128060218,0.0399636105535907,0.033540027492377035,0.02083191128060218,0.07390640957571858,Consumer Cyclical,Auto Parts,0.0,133.16,16.99,0.21933085501858718,-0.022064009713326335
ALB,Albemarle Corporation,17.17B,1.62,0.0111,,0.0062,Quarterly,30.0,0.0084,0.0102,Aristocrat,0.0119,0.012302812835649957,0.0050854504194653045,0.032394888867936796,0.015079711512265878,0.0050854504194653045,0.03246410488441518,Basic Materials,Specialty Chemicals,0.0,36.66,0.21,-0.06722689075630255,-0.26391164771479675
ESS,"Essex Property Trust, Inc.",17.16B,10.28,0.039900000000000005,0.7818999999999999,0.049,Quarterly,1.0,0.053200000000000004,0.0435,Aristocrat,0.0342,0.03777318601417521,0.026931094407801566,0.04983387320616892,0.03763411098098127,0.026931094407801566,0.05312830391910741,Real Estate,REIT - Residential,0.0,115.14,15.99,0.16666666666666677,0.06020838436076849
PNR,Pentair plc,17.00B,1.08,0.0104,0.2595,0.0851,Quarterly,48.0,0.06269999999999999,0.057800000000000004,Aristocrat,0.0126,0.013334492215861755,0.008509714107314518,0.022343019663192114,0.018023898736936966,0.008509714107314518,0.036101599952401135,Industrials,Specialty Industrial Machinery,0.0,44.76,17.97,-0.17460317460317465,-0.4229883250127821
EWBC,"East West Bancorp, Inc.",15.62B,2.40,0.021099999999999997,0.2646,0.0909,Quarterly,7.0,0.12619999999999998,0.1575,SCHD,0.0233,0.026263453666891094,0.016210799276592722,0.04968206984144407,0.025320191536553915,0.013151909917765445,0.05594241058108183,Financial Services,Banks - Regional,0.0,0.0,15.53,-0.09442060085836927,-0.1666729704813397
FNF,"Fidelity National Financial, Inc.",15.14B,2.08,0.0373,0.9526,1.1076000000000001,Quarterly,13.0,0.32189999999999996,0.2481,SCHD,0.0372,0.04256386188410402,0.030852925854689822,0.062198304266202785,0.04096800391998663,0.02410343248624612,0.07744733533467231,Financial Services,Insurance - Specialty,0.0,51.18,13.96,0.00268817204301083,-0.08953338139564962
BBY,"Best Buy Co., Inc.",15.05B,3.80,0.0529,1.2573999999999999,0.0106,Quarterly,20.0,0.0258,0.1155,SCHD,0.0402,0.04665583768540545,0.022555323660052563,0.0703940061435841,0.042990762380782456,0.022253592343659853,0.13647738062582612,Consumer Cyclical,Specialty Retail,0.0,154.54,22.49,0.3159203980099503,0.2304969037638451
ERIE,Erie Indemnity Company,14.84B,5.85,0.0206,0.4486,0.0708,Quarterly,35.0,0.0713,0.025699999999999997,Aristocrat,0.0175,0.018822768725093378,0.009525482578783096,0.0361608006845259,0.023900552819711443,0.009525482578783096,0.040332047629154044,Financial Services,Insurance Brokers,0.0,2.35,30.44,0.17714285714285705,-0.1380952501228083
LYB,LyondellBasell Industries N.V.,13.87B,5.48,0.1272,,0.0342,Quarterly,1.0,-0.1804,0.0535,SCHD,0.058,0.08371861510544548,0.049623753529761415,0.38458292581460124,0.07754714088682171,0.04814091540943466,0.38458292581460124,Basic Materials,Specialty Chemicals,0.0,124.32,-10.58,1.1931034482758622,0.6402925826194612
RPM,RPM International Inc.,13.48B,2.16,0.020499999999999997,0.3865,0.09519999999999999,Quarterly,52.0,0.08070000000000001,0.0694,King,0.0172,0.018487945643629274,0.014086649320743931,0.02267490660118487,0.02214962700178926,0.014086649320743931,0.035828527809725556,Basic Materials,Specialty Chemicals,0.0,98.47,24.16,0.1918604651162789,-0.07447651383276142
NDSN,Nordson Corporation,13.42B,3.28,0.013600000000000001,0.376,0.4286,Quarterly,62.0,0.11320000000000001,0.1575,Aristocrat+King,0.0104,0.011358795600475383,0.007137308287589037,0.01882793888203809,0.011129180054696125,0.007137308287589037,0.019862531943572525,Industrials,Specialty Industrial Machinery,0.0,68.75,16.21,0.3076923076923078,0.22201275683928542
UNM,Unum Group,13.26B,1.84,0.0232,0.34009999999999996,0.121,Quarterly,16.0,0.1091,0.0907,SCHD,0.0319,0.035488689606786326,0.020506306127270595,0.06309506501863964,0.03810510749563033,0.020506306127270595,0.13658586035633904,Financial Services,Insurance - Life,0.0,36.71,8.35,-0.2727272727272727,-0.3911577338376374
BF.B,Brown-Forman Corporation,13.20B,0.92,0.032400000000000005,0.5325,0.0348,Quarterly,52.0,0.057,0.0533,Aristocrat,0.0,0.0,0.0,0.0,0.0,0.0,0.0,,,0.0,0.0,0.0,0.0,0.0
WSO,"Watsco, Inc.",13.19B,12.00,0.0345,0.9089,0.109,Quarterly,11.0,0.0894,0.1051,SCHD,0.0266,0.02957442108290133,0.019490056279185295,0.04271876935603128,0.035380747652906906,0.019490056279185295,0.05737997062943961,Industrials,Industrial Distribution,0.0,13.86,19.05,0.2969924812030077,-0.0248934155249413
HRL,Hormel Foods Corporation,13.02B,1.17,0.049400000000000006,1.3375,0.022000000000000002,Quarterly,59.0,0.0329,0.0429,Aristocrat+King,0.0292,0.03186745617756466,0.02130567659278301,0.05448567168233338,0.02737421984253931,0.015846160514066895,0.05448567168233338,Consumer Defensive,Packaged Foods,0.0,38.22,6.0,0.6917808219178084,0.8046176396681383
CNA,CNA Financial Corporation,12.84B,3.84,0.081,1.0493999999999999,0.0213,Quarterly,1.0,0.1084,0.11380000000000001,SCHD,0.0372,0.08464005595500906,0.03704645213228898,0.2854552575870026,0.10847431825194363,0.03408199289377759,0.627549490625543,Financial Services,Insurance - Property & Casualty,0.0,30.65,9.03,1.17741935483871,-0.25327947383943433
BEN,"Franklin Resources, Inc.",12.50B,1.28,0.0533,1.4176,0.032,Quarterly,45.0,0.0331,0.034300000000000004,Aristocrat,0.047,0.05334468178757883,0.03632426515286529,0.07897367087862785,0.0605862108718847,0.025796460790212437,0.5651672657248604,Financial Services,Asset Management,0.0,23.7,3.82,0.13404255319148936,-0.12026186762681171
CF,"CF Industries Holdings, Inc.",12.28B,2.00,0.0254,0.2418,,Quarterly,3.0,0.07719999999999999,0.1076,SCHD,0.021,0.02294000396859969,0.011834180444496543,0.036947288714234756,0.032541743658446226,0.011834180444496543,0.0729266782410493,Basic Materials,Agricultural Inputs,0.0,44.13,21.97,0.2095238095238094,-0.21946407461766676
CLX,The Clorox Company,11.99B,4.96,0.050499999999999996,0.774,0.0165,Quarterly,48.0,0.0167,0.0239,Aristocrat,0.0316,0.03466151332444735,0.02327940404436866,0.05045265103423271,0.03284680590585935,0.02175588789987329,0.05045265103423271,Consumer Defensive,Household & Personal Products,0.0,2230.43,443.65,0.5981012658227846,0.5374402048325677
AFG,"American Financial Group, Inc.",11.46B,3.52,0.0256,0.7644,-0.228,Quarterly,1.0,-0.203,0.16449999999999998,SCHD,0.0196,0.06851286972762514,0.019734779432873578,0.6926637788815473,0.05971778442968631,0.019734779432873578,0.6926637788815473,Financial Services,Insurance - Property & Casualty,0.0,43.32,16.91,0.30612244897959195,-0.5713169829643917
CMA,Comerica Incorporated,11.27B,2.84,0.0322,0.5432,,Quarterly,,0.014499999999999999,0.0087,SCHD,0.045,0.05113249998697976,0.03185046819813005,0.10478832163637167,0.046498843243711396,0.016750690053915687,0.13794177954787673,Financial Services,Banks - Regional,0.0,0.0,9.69,-0.28444444444444444,-0.30750965499868005
SWK,"Stanley Black & Decker, Inc.",11.27B,3.32,0.045599999999999995,1.1391,0.0123,Quarterly,58.0,0.0124,0.0349,Aristocrat+King,0.0321,0.03537666931249175,0.014906395555037828,0.060859253932380675,0.02927567032217515,0.014906395555037828,0.060859253932380675,Industrials,Tools & Accessories,0.0,78.54,4.92,0.4205607476635514,0.5576073749354875
FDS,FactSet Research Systems Inc.,10.80B,4.40,0.0152,0.2761,0.058499999999999996,Quarterly,26.0,0.0754,0.0745,Aristocrat,0.0091,0.009574900274256684,0.006972032028820411,0.017417856676024378,0.01089223063323244,0.006972032028820411,0.017417856676024378,Financial Services,Financial Data & Stock Exchanges,0.0,71.96,28.83,0.6703296703296703,0.3954900985684658
SJM,The J. M. Smucker Company,10.53B,4.40,0.0446,,0.0187,Quarterly,29.0,0.024900000000000002,0.04019999999999999,Aristocrat,0.0325,0.035930645672219985,0.027923665026149173,0.04667955573919315,0.035393181110857666,0.02296982932750436,0.04667955573919315,Consumer Defensive,Packaged Foods,0.0,131.36,-17.44,0.3723076923076923,0.2601297368638597
SWKS,"Skyworks Solutions, Inc.",9.62B,2.84,0.043899999999999995,0.9156,0.0217,Quarterly,11.0,0.052300000000000006,0.07769999999999999,SCHD,0.0242,0.026713837408599443,0.011368622681196748,0.058686978135917806,0.022464095200874515,0.011368622681196748,0.058686978135917806,Technology,Semiconductors,0.0,20.9,7.89,0.8140495867768593,0.9542296098482965
AOS,A. O. Smith Corporation,9.47B,1.44,0.0212,0.3725,0.061500000000000006,Quarterly,32.0,0.0596,0.0665,Aristocrat,0.0172,0.01836797268198492,0.014037294864428342,0.024491129761881527,0.017496160366805156,0.009524111792862113,0.030693592719545,Industrials,Specialty Industrial Machinery,0.0,12.06,28.21,0.23255813953488372,0.21169442640809397
OVV,Ovintiv Inc.,9.47B,1.20,0.0321,1.3324,,Quarterly,6.0,0.081,0.2619,SCHD,0.022,0.024886466217811137,0.012745316095050125,0.0393456967801718,0.02344862398594911,0.0051532231922564835,0.2049867095356887,Energy,Oil & Gas E&P,0.0,62.82,2.26,0.459090909090909,0.3689502641705103
ALV,"Autoliv, Inc.",9.20B,3.40,0.0281,0.322,0.1387,Quarterly,4.0,0.06269999999999999,0.3815,SCHD,0.0248,0.03000182293570268,0.021812702492729322,0.041882634770002966,0.030671082510621398,0.01862846225596847,0.07005084020542965,Consumer Cyclical,Auto Parts,0.0,85.58,31.01,0.1330645161290323,-0.08382757634103824
FRT,Federal Realty Investment Trust,8.80B,4.52,0.0446,1.1304,0.0183,Quarterly,58.0,0.0123,0.0111,Aristocrat+King,0.0414,0.046088416535762504,0.036090053596469045,0.06276710467541254,0.04531761662485177,0.03144226130284577,0.08069222930623454,Real Estate,REIT - Retail,0.0,138.76,10.52,0.0772946859903382,-0.015835268451832866
DINO,HF Sinclair Corporation,8.68B,2.00,0.0424,0.9666,,Quarterly,3.0,0.0662,0.0739,SCHD,0.0336,0.044347347987016554,0.027649092395659765,0.07980102711736888,0.046569798952201626,0.020623908398708223,0.09658673315945604,Energy,Oil & Gas Refining & Marketing,0.0,35.77,4.18,0.261904761904762,-0.0895386934455403
COLB,"Columbia Banking System, Inc.",8.63B,1.44,0.0499,0.6579,0.0069,Quarterly,2.0,0.009399999999999999,0.005600000000000001,SCHD,0.0,0.056464248886399865,0.028290042979286983,0.09177557773748972,0.05433805345869933,0.026716880771111864,0.12378449718922722,Financial Services,Banks - Regional,0.0,0.0,7.33,0.0,-0.08167487011791026
APA,APA Corporation,8.55B,1.00,0.0415,0.24059999999999998,,Quarterly,,0.10060000000000001,0.5849,SCHD,0.0244,0.02767765811052435,0.004141488099248852,0.07425338446260167,0.0301272599010776,0.004141488099248852,0.2861311426672407,Energy,Oil & Gas E&P,0.0,66.89,27.43,0.7008196721311475,0.3774900251886371
NFG,National Fuel Gas Company,7.34B,2.14,0.0264,0.3732,0.0392,Quarterly,55.0,0.0409,0.036699999999999997,King,0.0322,0.03512871147703223,0.022966076056242776,0.05155320074408134,0.038845091700924046,0.022966076056242776,0.06410273288982067,Energy,Oil & Gas Integrated,0.0,92.88,17.45,-0.18012422360248445,-0.32037745712485993
CBSH,"Commerce Bancshares, Inc.",7.34B,1.01,0.0191,0.2661,0.0694,Quarterly,57.0,0.063,0.053899999999999997,King,0.017,0.018086166014118107,0.014154806717176864,0.025931900432124698,0.018641054247211665,0.014154806717176864,0.026789793822209803,Financial Services,Banks - Regional,0.0,0.0,15.6,0.12352941176470573,0.024620160786076956
JHG,Janus Henderson Group plc,6.93B,1.60,0.0348,0.46909999999999996,0.0192,Quarterly,,0.0064,0.02,SCHD,0.0477,0.05418557509185207,0.03476749204877674,0.0924828179733593,0.0,0.0,0.0,Financial Services,Asset Management,0.0,6.96,11.16,-0.2704402515723271,0.0
MSA,MSA Safety Incorporated,6.27B,2.12,0.0132,0.2957,0.05,Quarterly,55.0,0.045,0.0407,King,0.0121,0.012671596912678242,0.00985957306068405,0.01751805229909633,0.016240818423487183,0.00985957306068405,0.03887321718013277,Industrials,Security & Protection Services,0.0,51.78,23.35,0.09090909090909094,-0.18723307805040207
NXST,"Nexstar Media Group, Inc.",6.12B,7.44,0.0368,0.4585,0.10060000000000001,Quarterly,12.0,0.22469999999999998,0.256,SCHD,0.0278,0.03279857931841559,0.017734857783490706,0.05293829408064323,0.02855606211899871,0.01642402139621639,0.05775612151236972,Communication Services,Broadcasting,0.0,291.68,21.35,0.32374100719424465,0.2886930924385577
RLI,RLI Corp.,6.03B,2.64,0.04019999999999999,0.6884,0.0233,Quarterly,51.0,-0.1315,0.2195,King,0.0084,0.0363314742386927,0.006842839141825944,0.25434897468051104,0.04069786347334973,0.006842839141825944,0.25434897468051104,Financial Services,Insurance - Property & Casualty,0.0,6.05,19.49,3.785714285714285,-0.012233159946485953
UBSI,"United Bankshares, Inc.",5.60B,1.48,0.0371,0.488,0.0068000000000000005,Quarterly,36.0,0.011399999999999999,0.0125,King,0.0404,0.045259098551468036,0.035927468897435526,0.06080483491135888,0.049003882553182214,0.035927468897435526,0.08605301287987578,Financial Services,Banks - Regional,0.0,0.0,8.26,-0.08168316831683162,-0.24291713090821615
MTN,"Vail Resorts, Inc.",5.49B,8.88,0.057800000000000004,1.2265000000000001,,Quarterly,3.0,0.051399999999999994,0.5878,SCHD,0.0223,0.040200550034722816,0.011107567698431485,0.06952804094696824,0.03586288193809239,0.011107567698431485,0.06952804094696824,Consumer Cyclical,Resorts & Casinos,0.0,730.69,46.73,1.5919282511210764,0.6116942330450783
OZK,Bank OZK,5.33B,1.76,0.037200000000000004,0.28059999999999996,0.1013,Quarterly,28.0,0.10210000000000001,0.0971,SCHD,0.0318,0.036045440881957394,0.026317405417306598,0.049063673341101934,0.03411734573015109,0.015299538076140708,0.08261499116591846,Financial Services,Banks - Regional,0.0,0.0,12.35,0.16981132075471703,0.09035445764834589
MC,Moelis & Company,5.18B,2.60,0.0371,0.8201999999999999,0.0833,Quarterly,,0.027000000000000003,-0.0894,SCHD,0.0436,0.0771728198958582,0.03077122025872167,0.30166363974672245,0.10302822094016807,0.03077122025872167,0.37396829791831787,Financial Services,Capital Markets,0.0,43.28,51.38,-0.14908256880733942,-0.6399044877078367
BKH,Black Hills Corporation,5.09B,2.70,0.0401,0.685,0.04,Quarterly,54.0,0.0348,0.0421,King,0.0395,0.0445079822884116,0.03464447504936775,0.057742719250697995,0.0421894854334751,0.031432151903982554,0.057742719250697995,Utilities,Utilities - Regulated Gas,0.0,113.71,7.92,0.015189873417721426,-0.04952621279939125
RDN,Radian Group Inc.,4.98B,1.02,0.0277,0.2553,0.0408,Quarterly,5.0,0.0733,0.1533,SCHD,0.0297,0.03398830025340833,0.023247176842213547,0.04972814524023866,0.020433030460908223,0.0005521794587453717,0.06184464759657918,Financial Services,Insurance - Specialty,0.0,27.35,12.13,-0.0673400673400674,0.3556481527786441
MSM,"MSC Industrial Direct Co., Inc.",4.82B,3.48,0.0403,0.9636,0.023799999999999998,Quarterly,4.0,0.0375,-0.2145,SCHD,0.0368,0.042893556193902345,0.032860659781323256,0.20676763869569062,0.05350429217644662,0.025984131513651743,0.6406332346170978,Industrials,Industrial Distribution,0.0,38.58,14.14,0.095108695652174,-0.2467894002391708
MUR,Murphy Oil Corporation,4.51B,1.30,0.0412,1.3111000000000002,0.0833,Quarterly,3.0,0.11019999999999999,0.21059999999999998,SCHD,0.0294,0.03316311909578622,0.015586597775809272,0.06892767924448542,0.045376011044138125,0.015586597775809272,0.25926500792357565,Energy,Oil & Gas E&P,0.0,42.27,3.4,0.40136054421768713,-0.09203125061116627
IBOC,International Bancshares Corporation,4.38B,1.40,0.0199,0.2071,0.060599999999999994,Semi-Annual,15.0,0.0441,0.049400000000000006,SCHD,0.0249,0.05334825549859353,0.0358881333445621,0.06960573248726673,0.054997464561437906,0.033965809415367705,0.1545596481491941,Financial Services,Banks - Regional,0.0,0.0,14.31,-0.20080321285140554,-0.6381651379988685
FG,"F&G Annuities & Life, Inc.",4.19B,1.00,0.0321,0.2658,0.0706,Quarterly,2.0,,,SCHD,0.0,0.0,0.0,0.0,0.0,0.0,0.0,Financial Services,Insurance - Life,0.0,45.57,9.94,0.0,0.0
WHR,Whirlpool Corporation,4.13B,3.60,0.0489,,-0.2429,Quarterly,,-0.0886,0.0158,SCHD,0.0512,0.056879455859591824,0.025200811274163723,0.09657987673619335,0.048930785308266764,0.025200811274163723,0.09831679654555038,Consumer Cyclical,"Furnishings, Fixtures & Appliances",0.0,313.13,-5.39,-0.04492187500000006,-0.0006291603143668249
FHI,"Federated Hermes, Inc.",3.89B,1.36,0.0258,0.2785,-0.3982,Quarterly,2.0,0.0719,-0.08560000000000001,SCHD,0.0316,0.0464691049820522,0.025311266108414165,0.22827705437586518,0.056726244854491646,0.025311266108414165,0.2956074090395804,Financial Services,Asset Management,0.0,36.84,32.71,-0.18354430379746844,-0.5451840666312477
CATY,Cathay General Bancorp,3.43B,1.36,0.027000000000000003,0.3139,,Quarterly,,,0.018600000000000002,SCHD,0.0327,0.035613801991311825,0.026169142776609866,0.05315870022389778,0.036990895847065476,0.024592034225887013,0.08070969526840233,Financial Services,Banks - Regional,0.0,0.0,10.63,-0.17431192660550449,-0.27009067010357524
SIG,Signet Jewelers Limited,3.39B,1.28,0.0154,0.3738,0.10339999999999999,Quarterly,4.0,0.1696,0.4804,SCHD,0.0436,0.015149451002469188,0.006890404905796705,0.05973693142918424,0.033578449616391,0.006890404905796705,0.2675887069742035,Consumer Cyclical,Luxury Goods,0.0,66.96,8.24,-0.6467889908256881,-0.5413725119553274
APAM,Artisan Partners Asset Management Inc.,3.35B,3.63,0.0875,0.9795999999999999,0.1487,Quarterly,1.0,0.08779999999999999,0.0138,SCHD,0.0738,0.10400595402057675,0.056557131237554015,0.28932099575180875,0.15376244858475566,0.056557131237554015,0.4621944310261303,Financial Services,Asset Management,0.0,45.05,49.58,0.18563685636856353,-0.4309403836544072
FUL,H.B. Fuller Company,3.24B,0.94,0.015700000000000002,0.449,0.063,Quarterly,56.0,0.06860000000000001,0.0737,King,0.0116,0.01226618384783423,0.00866338243807843,0.01864889764260559,0.013235363701361073,0.00866338243807843,0.02722178688440138,Basic Materials,Specialty Chemicals,0.0,113.91,6.06,0.35344827586206923,0.1862159857673934
CNS,"Cohen & Steers, Inc.",3.18B,2.48,0.0398,0.7781,0.0508,Quarterly,2.0,0.037599999999999995,-0.0109,SCHD,0.0291,0.03938059776078354,0.020775294115367934,0.10293387692008686,0.06246904473248255,0.020775294115367934,0.44638988860673656,Financial Services,Asset Management,0.0,24.22,31.09,0.36769759450171824,-0.36288444668172004
WU,The Western Union Company,3.04B,0.94,0.0983,0.40549999999999997,,Quarterly,,,0.0087,SCHD,0.071,0.08425552824673996,0.04966878488276408,0.12210703012551673,0.07065687741531548,0.04141686768783346,0.12210703012551673,Financial Services,Credit Services,0.0,280.12,97.7,0.3845070422535212,0.391230459028078
MGEE,"MGE Energy, Inc.",2.88B,1.90,0.0241,0.5013000000000001,0.0541,Quarterly,50.0,0.0518,0.0507,King,0.021,0.022434288893742927,0.017072437753300144,0.028737704766871333,0.023438690752443876,0.017072437753300144,0.03359650256549055,Utilities,Utilities - Regulated Electric,0.0,64.84,10.8,0.14761904761904754,0.028214427782710993
AWR,American States Water Company,2.83B,2.02,0.0276,0.5742,0.08259999999999999,Quarterly,71.0,0.0758,0.0816,King,0.0196,0.021301657701765744,0.015364412088905988,0.028846311096458525,0.021251034098215237,0.014472116296170597,0.029186260861083942,Utilities,Utilities - Regulated Water,0.0,91.33,13.78,0.40816326530612246,0.29876032725946167
BKE,"The Buckle, Inc.",2.82B,4.40,0.0783,1.0769,0.1282,Quarterly,,0.027999999999999997,0.111,SCHD,0.0334,0.16070457451803674,0.022883830150343613,1.0145588561133747,0.21584109562148796,0.022883830150343613,1.0145588561133747,Consumer Cyclical,Apparel Retail,0.0,73.41,41.26,1.3443113772455089,-0.6372331238657554
RHI,Robert Half Inc.,2.79B,2.36,0.08449999999999999,1.5313999999999999,0.11320000000000001,Quarterly,21.0,0.1112,0.1165,SCHD,0.0283,0.03199662799072394,0.013975842761891882,0.09466530002332739,0.028817392722292303,0.013975842761891882,0.09466530002332739,Industrials,Staffing & Employment Services,0.0,18.72,11.27,1.9858657243816253,1.932256946848395
TR,"Tootsie Roll Industries, Inc.",2.75B,0.36,0.0095,0.2803,0.03,Quarterly,56.0,0.0271,0.028300000000000002,King,0.0104,0.010801827352150368,0.007844468579023035,0.013086957332117339,0.011043570297086667,0.007844468579023035,0.01405873491898839,Consumer Defensive,Confectioners,0.0,1.54,10.48,-0.08653846153846152,-0.13977094866629014
IPAR,"Interparfums, Inc.",2.70B,3.20,0.038,0.6244,0.0667,Quarterly,4.0,0.1696,0.6651,SCHD,0.0178,0.022297634741467363,0.010308462688527479,0.040601925905791,0.022259183205311405,0.010308462688527479,0.042042142247307075,Consumer Defensive,Household & Personal Products,0.0,20.81,19.77,1.1348314606741572,0.7071605750085465
CVBF,CVB Financial Corp.,2.67B,0.80,0.0409,0.5405,,Quarterly,1.0,0.0128,0.0213,SCHD,0.0392,0.04333112698388153,0.031171328180341417,0.08241987169252582,0.040729008097917664,0.02667597212264037,0.08241987169252582,Financial Services,Banks - Regional,0.0,0.0,9.16,0.04336734693877552,0.0041982829945489625
CWT,California Water Service Group,2.56B,1.20,0.027999999999999997,0.5415,0.10710000000000001,Quarterly,58.0,0.0708,0.0741,King,0.0194,0.02113731355894316,0.013943704023021069,0.031684571134834034,0.021502711936331874,0.013943704023021069,0.036423598650744786,Utilities,Utilities - Regulated Water,0.0,89.34,8.15,0.44329896907216476,0.3021613312267852
ABM,ABM Industries Incorporated,2.54B,1.16,0.0275,0.4189,0.1543,Quarterly,58.0,0.10460000000000001,0.0781,King,0.0184,0.019914303094636945,0.015506555922216538,0.02629620351991218,0.021259175280651466,0.015506555922216538,0.04057414722763684,Industrials,Specialty Business Services,0.0,94.84,9.1,0.4945652173913044,0.2935591168030151
FLO,"Flowers Foods, Inc.",2.31B,0.99,0.0906,1.0796999999999999,0.0342,Quarterly,11.0,0.0414,0.0446,SCHD,0.0405,0.04643409743058541,0.033853509910022554,0.09761794059685808,0.04678413440553413,0.033853509910022554,0.09761794059685808,Consumer Defensive,Packaged Foods,0.0,87.61,13.73,1.237037037037037,0.9365539440071986
BANR,Banner Corporation,2.26B,2.00,0.0302,0.35340000000000005,0.0104,Quarterly,,0.0253,0.0342,SCHD,0.0325,0.03571954053280134,0.02596310419628021,0.052329597256201496,0.04073954138724351,0.02080778624410422,0.25186485492226346,Financial Services,Banks - Regional,0.0,0.0,10.28,-0.07076923076923076,-0.2587054499966385
NWN,Northwest Natural Holding Company,1.93B,1.97,0.042300000000000004,0.7929999999999999,0.0051,Quarterly,70.0,0.004699999999999999,0.0049,King,0.044,0.04914712368576314,0.03986254197169336,0.06040320515083004,0.04564434484602489,0.03179087333937624,0.06040320515083004,Utilities,Utilities - Regulated Gas,0.0,175.59,7.2,-0.03863636363636348,-0.0732696428726623
OFG,OFG Bancorp,1.86B,1.20,0.028399999999999998,0.2727,0.2,Quarterly,4.0,0.1968,0.3378,SCHD,0.0219,0.02540306377625059,0.013769228179034079,0.040974754403751916,0.025178612680601613,0.013409021510150668,0.07833383276714752,Financial Services,Banks - Regional,0.0,0.0,14.82,0.2968036529680365,0.12794141441638054
NWBI,"Northwest Bancshares, Inc.",1.84B,0.80,0.0634,0.9262,,Quarterly,,,0.0103,SCHD,0.0625,0.07365100346643298,0.0566741355168995,0.09462971306533151,0.07189889179212208,0.051964587350055116,0.11975620110358387,Financial Services,Banks - Regional,0.0,0.0,6.56,0.014399999999999968,-0.11820615840219811
CHCO,City Holding Company,1.80B,3.48,0.0278,0.3826,0.10300000000000001,Quarterly,14.0,0.0992,0.0771,SCHD,0.0274,0.030134215238264338,0.023824366676679108,0.03909569632156403,0.03377602183008838,0.023824366676679108,0.05485322435973245,Financial Services,Banks - Regional,0.0,0.0,16.57,0.014598540145985313,-0.1769308967216743
FCF,First Commonwealth Financial Corporation,1.79B,0.54,0.0313,0.3849,0.0388,Quarterly,8.0,0.0368,0.039900000000000005,SCHD,0.0333,0.03691730822503869,0.02769175232380659,0.050180180493730055,0.03805569268377164,0.026005667368415086,0.07577366217667365,Financial Services,Banks - Regional,0.0,0.0,9.71,-0.06006006006006011,-0.17752121186990022
HTO,H2O America,1.75B,1.68,0.034300000000000004,0.5292,0.05,Quarterly,32.0,0.0479,0.0526,King,0.0243,0.026489422761204886,0.018716100907505948,0.03780378154625548,0.024389969057307698,0.01197564346321162,0.03780378154625548,Utilities,Utilities - Regulated Water,0.0,124.79,7.65,0.4115226337448562,0.40631584728161324
HUN,Huntsman Corporation,1.75B,0.35,0.0347,,-0.1625,Quarterly,4.0,-0.0049,0.052000000000000005,SCHD,0.0417,0.0472595399934622,0.021804519930613032,0.13589803655502386,0.042397284887051044,0.018930269084606845,0.13589803655502386,Basic Materials,Chemicals,0.0,80.01,-8.0,-0.16786570743405274,-0.1815513636676754
FMC,FMC Corporation,1.66B,0.32,0.024,,-0.2155,Quarterly,,-0.056900000000000006,0.0022,SCHD,0.0344,0.0376842800946235,0.017276815072685726,0.19047618570371766,0.027085118018474942,0.00821209105248474,0.19047618570371766,Basic Materials,Agricultural Inputs,0.0,122.64,-11.46,-0.3023255813953488,-0.11390454405148102
SRCE,1st Source Corporation,1.60B,1.60,0.024399999999999998,0.253,0.0857,Quarterly,38.0,0.0617,0.0611,SCHD,0.0253,0.027677968778064888,0.021558700372292842,0.03391812931704077,0.02712246403213674,0.017716170027691654,0.049769617896745486,Financial Services,Banks - Regional,0.0,0.0,12.05,-0.03557312252964433,-0.10037672200103064
WEN,The Wendy's Company,1.60B,0.56,0.0668,0.7086,-0.33,Quarterly,,0.1025,0.18230000000000002,SCHD,0.0414,0.04524629903515323,0.01502630615699187,0.09390242646522168,0.03535248686284567,0.009995845613938757,0.09390242646522168,Consumer Cyclical,Restaurants,0.0,3785.27,100.85,0.6135265700483091,0.8895417530076124
STBA,"S&T Bancorp, Inc.",1.59B,1.44,0.0347,0.39880000000000004,0.037599999999999995,Quarterly,12.0,0.0391,0.0426,SCHD,0.0379,0.042344846732739944,0.030477932592020602,0.0584726244355156,0.04030088466318218,0.025595638243287644,0.08072216327855927,Financial Services,Banks - Regional,0.0,0.0,9.35,-0.08443271767810029,-0.13897671750861082
GABC,"German American Bancorp, Inc.",1.53B,1.16,0.0285,0.4035,0.0741,Quarterly,12.0,0.0726,0.08259999999999999,SCHD,0.0265,0.029353351297334716,0.019045843716819118,0.04158246678739579,0.026709056717700876,0.016491322434279334,0.04158246678739579,Financial Services,Banks - Regional,0.0,0.0,10.75,0.07547169811320761,0.06705378258874317
LKFN,Lakeland Financial Corporation,1.51B,2.00,0.0337,0.5277000000000001,0.0417,Quarterly,11.0,0.0641,0.1003,SCHD,0.0262,0.029011067304930346,0.017991404679212623,0.04623004005431308,0.02825137243241351,0.017991404679212623,0.04623004005431308,Financial Services,Banks - Regional,0.0,0.0,13.5,0.2862595419847328,0.19286240272473068
NSP,"Insperity, Inc.",1.46B,2.40,0.0622,5.3647,0.0127,Quarterly,2.0,0.060899999999999996,0.08449999999999999,SCHD,0.0235,0.030680390159952418,0.015880448619227217,0.128192994635179,0.02618834921231124,0.007257692319405573,0.128192994635179,Industrials,Staffing & Employment Services,0.0,501.15,16.04,1.6468085106382977,1.3751019774381021
TNC,Tennant Company,1.35B,1.24,0.0166,0.4106,0.0529,Quarterly,53.0,0.0559,0.060700000000000004,King,0.0133,0.014016902843065107,0.009334747613497606,0.01896302743506145,0.014213222806665876,0.009334747613497606,0.019595958531987083,Industrials,Specialty Industrial Machinery,0.0,42.6,8.49,0.24812030075187977,0.16792653051317447
UVV,Universal Corporation,1.34B,3.28,0.060899999999999996,0.7368000000000001,0.0124,Quarterly,55.0,0.0125,0.0127,King,0.0596,0.06987090426397723,0.0510352755017728,0.0898307575434588,0.07096835512514765,0.04328313722708352,0.11215495475234595,Consumer Defensive,Tobacco,0.0,79.39,8.86,0.02181208053691268,-0.14187105094084299
GRC,The Gorman-Rupp Company,1.29B,0.76,0.0155,0.3896,0.0276,Quarterly,52.0,0.0259,0.044199999999999996,King,0.0202,0.021672291205137247,0.014591297324967846,0.031590394702615175,0.027330807031912898,0.014591297324967846,0.3213044210847805,Industrials,Specialty Industrial Machinery,0.0,79.88,13.01,-0.23267326732673266,-0.43287441231057033
PFBC,Preferred Bank,1.24B,3.00,0.029900000000000003,0.304,0.07139999999999999,Quarterly,4.0,0.177,0.2011,SCHD,0.0284,0.03289374842435719,0.020954429567244953,0.05457418565754206,0.02891350386196302,0.014488331601276851,0.05457418565754206,Financial Services,Banks - Regional,0.0,0.0,16.91,0.052816901408450745,0.03411887202418118
CRI,"Carter's, Inc.",1.16B,1.00,0.0313,0.632,-0.5156000000000001,Quarterly,1.0,-0.19760000000000003,0.31120000000000003,SCHD,0.0166,0.04358633679094716,0.01748464618335004,0.10466577380306244,0.0333826530792406,0.011108325068623257,0.10466577380306244,Consumer Cyclical,Apparel Retail,0.0,136.29,10.52,0.8855421686746988,-0.06238728462644929
VRTS,"Virtus Investment Partners, Inc.",1.09B,9.60,0.0594,0.47759999999999997,0.12050000000000001,Quarterly,8.0,0.1386,0.2556,SCHD,0.0305,0.035366194884266115,0.011541752673967058,0.06547027511825629,0.029766896056142068,0.011541752673967058,0.06547027511825629,Financial Services,Asset Management,0.0,47.4,14.06,0.9475409836065575,0.9955053388155825
SCL,Stepan Company,1.08B,1.58,0.0332,0.7833,0.0265,Quarterly,57.0,0.042,0.0652,King,0.0169,0.0180970777615701,0.009626899767093426,0.036717400488502104,0.015350081185255743,0.009318044967927278,0.036717400488502104,Basic Materials,Specialty Chemicals,0.0,57.95,3.67,0.9644970414201186,1.1628550102972544
MSEX,Middlesex Water Company,948.07M,1.44,0.0279,0.5785,0.049400000000000006,Quarterly,52.0,0.0462,0.0547,King,0.0175,0.018695082705018767,0.010297498344011495,0.029635727422884273,0.020766479326276326,0.010297498344011495,0.03916587627910085,Utilities,Utilities - Regulated Water,0.0,85.83,9.28,0.5942857142857142,0.3435113175249432
CPF,Central Pacific Financial Corp.,870.82M,1.12,0.0345,0.4486,0.0481,Quarterly,,0.0158,0.0345,SCHD,0.0445,0.050249966404523526,0.033352059910202715,0.0872938855643169,0.04847342734799799,0.027248592660060682,0.1443841607708312,Financial Services,Banks - Regional,0.0,0.0,11.65,-0.22471910112359542,-0.2882698441700988
THFF,First Financial Corporation,758.68M,2.04,0.0319,0.3345,0.12369999999999999,Quarterly,35.0,0.1775,0.1476,SCHD,0.0291,0.05524738650133386,0.03111178907266379,0.10329840824229308,0.06035844947137309,0.03111178907266379,0.17005242240781968,Financial Services,Banks - Regional,0.0,0.0,12.46,0.09621993127147756,-0.4714907311340132
AMSF,"AMERISAFE, Inc.",738.74M,2.56,0.0655,0.9845999999999999,-0.4286,Quarterly,,-0.21239999999999998,-0.10980000000000001,SCHD,0.0257,0.08795939274120503,0.025347530873095336,0.44526107999317427,0.10301075738043514,0.021530565437703045,0.5719662435756895,Financial Services,Insurance - Specialty,0.0,0.0,16.95,1.54863813229572,-0.3641440790683825
ETD,Ethan Allen Interiors Inc.,600.28M,1.81,0.0767,0.9783,-0.0622,Quarterly,2.0,0.0113,0.21989999999999998,SCHD,0.0468,0.09146093835157888,0.044094350444990556,0.23458952493303442,0.08490669129981658,0.031064876700573948,0.4123924889899981,Consumer Cyclical,"Furnishings, Fixtures & Appliances",0.0,26.5,9.96,0.638888888888889,-0.096655412832396
OXM,"Oxford Industries, Inc.",540.35M,2.76,0.076,,0.029900000000000003,Quarterly,5.0,0.0785,0.22510000000000002,SCHD,0.028,0.03176533457206134,0.012313898051649189,0.08695652236618677,0.027232915794388617,0.012313898051649189,0.08695652236618677,Consumer Cyclical,Apparel Manufacturing,0.0,107.23,-0.51,1.7142857142857142,1.7907404617929275
KFRC,Kforce Inc.,528.70M,1.56,0.0509,0.6901999999999999,0.0263,Quarterly,7.0,0.09140000000000001,0.1429,SCHD,0.0233,0.025957513454466653,0.014423505779988412,0.06441467876902479,0.02611550935261022,0.013308286827686464,0.06441467876902479,Industrials,Staffing & Employment Services,0.0,61.37,27.19,1.184549356223176,0.9490334005265186
FMCB,FMCB (Premium Stock),,,0.0,0.0,0.0,,0.0,0.0,0.0,King,0.0174,0.03569850406569202,0.01795755083898211,0.04483882762229418,0.02873792694945003,0.0,0.050594442241186914,Financial Services,Banks - Regional,0.0,0.0,14.69,-1.0,-1.0
CWENA,CWENA (Premium Stock),,,0.0,0.0,0.0,,0.0,0.0,0.0,SCHD,0.0,0.0,0.0,0.0,0.0,0.0,0.0,,,0.0,0.0,0.0,0.0,0.0
LANC,LANC (Premium Stock),,,0.0,0.0,0.0,,0.0,0.0,0.0,King,0.0186,0.0,0.0,0.0,0.0,0.0,0.0,Consumer Defensive,Packaged Foods,0.0,0.0,17.77,-1.0,0.0
CDUAF,CDUAF (Premium Stock),,,0.0,0.0,0.0,,0.0,0.0,0.0,King,0.0514,0.057899572967271024,0.043064985026110884,0.07313470071981013,0.05783093849432819,0.006450997555853068,0.0928422616169433,Utilities,Utilities - Diversified,0.0,168.45,8.73,-1.0,-1.0
CMCSA,Comcast Corporation,107.75B,1.32,0.0446,0.2194,0.0645,Quarterly,6.0,0.0692,0.07490000000000001,Others,0.0274,0.030241076354397534,0.01814346088693882,0.04988662304129129,0.026483996920162615,0.017812571250525915,0.04988662304129129,Communication Services,Telecom Services,0.0,101.46,24.19,0.6277372262773723,0.6840358399998693
MDLZ,"Mondelez International, Inc.",70.32B,2.00,0.036699999999999997,0.7204999999999999,0.08380000000000001,Quarterly,11.0,0.0969,0.1008,Others,0.0236,0.02593870470033049,0.02099309544936989,0.03718163164081055,0.024655404433076573,0.018211149018812586,0.03718163164081055,Consumer Defensive,Confectioners,0.0,83.62,13.1,0.5550847457627117,0.48851746073023
SLF,Sun Life Financial Inc.,34.22B,2.51,0.0409,0.6670999999999999,0.06570000000000001,Quarterly,9.0,0.0571,0.0891,Others,0.0405,0.045548095233344126,0.035518853555322846,0.06115234366344073,0.04774605421875855,0.035518853555322846,0.08379288437152332,Financial Services,Insurance - Diversified,0.0,51.12,12.18,0.009876543209876482,-0.1433847116955868
WEC,"WEC Energy Group, Inc.",33.81B,3.81,0.036699999999999997,0.6878,0.0684,Quarterly,22.0,0.0701,0.0711,Others,0.0323,0.03606020889793843,0.030349336612099112,0.04644328410033766,0.0379201795340198,0.028399083752209137,0.051105007355855825,Utilities,Utilities - Regulated Electric,0.0,151.45,12.81,0.1362229102167181,-0.03217757798127321
VICI,VICI Properties Inc.,29.61B,1.80,0.065,0.6709,0.041299999999999996,Quarterly,7.0,0.0557,0.0706,Others,0.0498,0.05895485450825832,0.04892447887691038,0.0694934687842793,0.0,0.0,0.0,Real Estate,REIT - Diversified,0.0,62.92,10.36,0.3052208835341367,0.0
HPQ,HP Inc.,21.35B,1.20,0.0516,0.44079999999999997,0.0466,Quarterly,8.0,0.048799999999999996,0.1009,Others,0.0329,0.0371052711172834,0.023968055748327558,0.05461780705617557,0.03963577073190384,0.023968055748327558,0.07655246497950897,Technology,Computer Hardware,0.0,0.0,0.0,0.56838905775076,0.3018543363019771
PFG,"Principal Financial Group, Inc.",19.54B,3.16,0.0355,0.44549999999999995,0.08070000000000001,Quarterly,16.0,0.0636,0.0658,Others,0.0349,0.039296204834796136,0.03025498654439556,0.05660682327112555,0.04530198309703548,0.03025498654439556,0.11534154954960618,Financial Services,Asset Management,0.0,34.14,13.77,0.017191977077363793,-0.2163698457976979
MGA,Magna International Inc.,15.59B,1.94,0.0352,0.532,0.021099999999999997,Quarterly,15.0,0.023399999999999997,0.0354,Others,0.0337,0.03682642252335838,0.019278026929604078,0.06449420662964907,0.03517244944594202,0.019278026929604078,0.07944931258784442,Consumer Cyclical,Auto Parts,0.0,57.81,8.7,0.044510385756676596,0.0007832992723559049
WTRG,"Essential Utilities, Inc.",10.73B,1.37,0.0361,0.5571,0.056100000000000004,Quarterly,32.0,0.057699999999999994,0.0626,Others,0.0278,0.03069365716446781,0.0224234729265136,0.04070889482348674,0.029471228412929942,0.020331161399569857,0.04070889482348674,Utilities,Utilities - Regulated Water,0.0,117.02,10.29,0.2985611510791368,0.22492349128419126
AES,The AES Corporation,9.63B,0.70,0.052000000000000005,0.48090000000000005,0.0149,Quarterly,13.0,0.0322,0.0393,Others,0.0358,0.039877203380248805,0.02450718333647682,0.07505791324264194,0.04503404309974847,0.02450718333647682,0.07505791324264194,Utilities,Utilities - Diversified,0.0,302.9,5.11,0.4525139664804471,0.15468202321568686
EMN,Eastman Chemical Company,7.25B,3.36,0.0529,0.5540999999999999,0.0215,Quarterly,15.0,0.0275,0.0452,Others,0.0339,0.03790276663869082,0.025130943125062172,0.059666227080431664,0.03769968309337167,0.025130943125062172,0.08397243419778594,Basic Materials,Specialty Chemicals,0.0,89.23,12.12,0.5604719764011801,0.4031948191442713
CWEN.A,"Clearway Energy, Inc.",6.28B,1.81,0.0587,0.7559,0.06849999999999999,Quarterly,5.0,0.0738,0.1097,Others,0.0,0.0,0.0,0.0,0.0,0.0,0.0,,,0.0,0.0,0.0,0.0,0.0
HRB,"H&R Block, Inc.",5.53B,1.68,0.0384,0.3531,0.1439,Quarterly,9.0,0.12390000000000001,0.0886,Others,0.0331,0.037067790116988214,0.020080228919083117,0.08100167274261454,0.046206808427314956,0.020080228919083117,0.10803224168683878,Consumer Cyclical,Personal Services,0.0,0.0,0.0,0.16012084592145015,-0.16895363893386756
POR,Portland General Electric Company,5.37B,2.10,0.044000000000000004,0.7476999999999999,0.0506,Quarterly,19.0,0.051,0.0554,Others,0.0398,0.04473575842029757,0.03514813680162704,0.05358459719966102,0.042870405698908785,0.031192104978089902,0.05715678318868976,Utilities,Utilities - Regulated Electric,0.0,136.25,7.99,0.10552763819095483,0.026349046216746476
AUB,Atlantic Union Bankshares Corporation,5.22B,1.48,0.0404,0.7931,0.0692,Quarterly,14.0,0.056100000000000004,0.0681,Others,0.0349,0.03908388146028843,0.02825418244762375,0.0589920518153894,0.037805680139487124,0.025758062197377717,0.06319935017574896,Financial Services,Banks - Regional,0.0,0.0,5.42,0.157593123209169,0.06862248876203048
NJR,New Jersey Resources Corporation,4.67B,1.90,0.040999999999999995,0.5556,0.0632,Quarterly,29.0,0.0712,0.0748,Others,0.0351,0.03979110722762795,0.03126702496340919,0.04893119985622728,0.03844997278026204,0.02905724205250496,0.06299164930116553,Utilities,Utilities - Regulated Gas,0.0,0.0,14.62,0.16809116809116798,0.06632065084443929
SON,Sonoco Products Company,4.27B,2.12,0.0489,0.3348,0.019299999999999998,Quarterly,44.0,0.024900000000000002,0.0393,Others,0.0354,0.03950374328965921,0.030809276698997114,0.05469786346313102,0.039417198869945325,0.030809276698997114,0.05582246510149436,Consumer Cyclical,Packaging & Containers,0.0,164.29,6.35,0.38135593220338976,0.24057521594425332
HASI,"HA Sustainable Infrastructure Capital, Inc.",4.15B,1.68,0.051500000000000004,0.7254,0.012,Quarterly,6.0,0.0385,0.0432,Others,0.0474,0.054581832813410315,0.02450232693036597,0.1234209645108593,0.067783918417919,0.02450232693036597,0.1234209645108593,Financial Services,Asset Management,0.0,193.61,12.54,0.08649789029535879,-0.2402327690400127
CWEN,"Clearway Energy, Inc.",3.84B,1.77,0.0542,0.7559,0.06849999999999999,Quarterly,5.0,0.0738,0.1097,Others,0.0504,0.05982376440606286,0.04140242722177167,0.09495993124825325,0.07240513267285624,0.04140242722177167,0.14033291229522912,Utilities,Utilities - Renewable,0.0,159.87,-1.4,0.07539682539682535,-0.2514342837421678
LCII,LCI Industries,2.99B,4.60,0.037200000000000004,0.6459,0.0698,Quarterly,8.0,0.0434,0.10439999999999999,Others,0.0348,0.03943030205879947,0.02338393938406403,0.0633914666821431,0.03884956020483784,0.015419505135198009,0.203675884153436,Consumer Cyclical,Recreational Vehicles,0.0,88.09,12.89,0.06896551724137949,-0.04246020279612895
FRME,First Merchants Corporation,2.22B,1.44,0.0375,0.35729999999999995,0.0288,Quarterly,13.0,0.045899999999999996,0.0658,Others,0.0338,0.037901211216027346,0.024612340179439224,0.05743876625159017,0.0336654116098153,0.018576352042506558,0.05743876625159017,Financial Services,Banks - Regional,0.0,0.0,9.9,0.10946745562130185,0.11390291123209394
WD,"Walker & Dunlop, Inc.",2.05B,2.68,0.0444,0.7959999999999999,0.0308,Quarterly,7.0,0.0375,0.1115,Others,0.0251,0.02802365309268186,0.014497610756759973,0.044444445006773144,0.021483325380197597,0.0,0.06764762774674245,Financial Services,Mortgage Finance,0.0,171.56,6.31,0.7689243027888446,1.0667191514459864
AGM.A,Federal Agricultural Mortgage Corporation,1.88B,6.00,0.046,0.3419,0.07139999999999999,Quarterly,13.0,0.16449999999999998,0.134,Others,0.0,0.0,0.0,0.0,0.0,0.0,0.0,,,0.0,0.0,0.0,0.0,0.0
WABC,Westamerica Bancorporation,1.25B,1.84,0.0368,0.39640000000000003,0.0341,Quarterly,32.0,0.027000000000000003,0.021,Others,0.0328,0.03609164422905114,0.028966252249449143,0.049948182955631144,0.03592009461909801,0.028966252249449143,0.0521967353223237,Financial Services,Banks - Regional,0.0,0.0,13.05,0.12195121951219501,0.024496187725356448
PEBO,Peoples Bancorp Inc.,1.10B,1.64,0.0524,0.5699000000000001,0.0252,Quarterly,9.0,0.0236,0.0339,Others,0.0509,0.0589242014484616,0.04693819312469099,0.07687557188646328,0.0555591929378333,0.0313830167061145,0.09824002885620965,Financial Services,Banks - Regional,0.0,0.0,8.84,0.02946954813359531,-0.056861749978409565
UTL,Unitil Corporation,856.86M,1.80,0.037599999999999995,0.6315,0.0588,Quarterly,10.0,0.0455,0.0364,Others,0.0315,0.034618160660038005,0.028385792937539952,0.04489461042266122,0.03686285598891021,0.02791212524509959,0.056394791940620075,Utilities,Utilities - Diversified,0.0,133.17,8.51,0.19365079365079346,0.019996931635235905
ALRS,Alerus Financial Corporation,575.50M,0.84,0.0371,0.42460000000000003,0.0506,Quarterly,20.0,0.0584,0.06709999999999999,Others,0.0322,0.035661736160435976,0.02001861515134431,0.058736537115460216,0.033972150143539354,0.02001861515134431,0.058736537115460216,Financial Services,Banks - Regional,0.0,0.0,10.76,0.15217391304347833,0.09207100060622703
BHB,Bar Harbor Bankshares,541.04M,1.28,0.0395,0.5461,0.0678,Quarterly,21.0,0.0661,0.07440000000000001,Others,0.0375,0.04254575198761588,0.03289140350009204,0.05487441551339316,0.04245551886287423,0.03098353321736741,0.08000670055673234,Financial Services,Banks - Regional,0.0,0.0,7.37,0.053333333333333385,-0.0696144798611499
PFIS,Peoples Financial Services Corp.,511.12M,2.47,0.0483,0.46659999999999996,0.20190000000000002,Quarterly,8.0,0.1606,0.114,Others,0.0376,0.04313987663688567,0.03168985673393291,0.06306319934860058,0.04226512638742227,0.03168985673393291,0.06306319934860058,Financial Services,Banks - Regional,0.0,0.0,10.83,0.2845744680851064,0.14278612483632985
SGU,"Star Group, L.P.",385.83M,0.74,0.0632,0.3992,0.0699,Quarterly,12.0,0.0605,0.0654,Others,0.0558,0.06607057135423934,0.05002445732144287,0.09127767448985558,0.07007454419774672,0.05002445732144287,0.10740899322506828,Energy,Oil & Gas Refining & Marketing,0.0,96.12,26.22,0.1326164874551972,-0.09810330236821964
ARTNA,Artesian Resources Corporation,327.03M,1.25,0.039599999999999996,0.5640999999999999,0.0404,Quarterly,31.0,0.0371,0.0395,Others,0.0279,0.030378873589648896,0.01969363807889018,0.042131627322672366,0.03210897857497156,0.01969363807889018,0.04739035173080415,Utilities,Utilities - Regulated Water,0.0,71.39,9.25,0.4193548387096772,0.23329989795650394
PCB,PCB Bancorp,322.90M,0.80,0.035,0.332,0.11109999999999999,Quarterly,6.0,0.10060000000000001,0.1487,Others,0.034,0.03910816335459989,0.02202291796165031,0.05960894590484672,0.0,0.0,0.0,Financial Services,Banks - Regional,0.0,0.0,9.44,0.029411764705882377,0.0
FNLC,"The First Bancorp, Inc.",312.68M,1.48,0.053099999999999994,0.5231,0.027999999999999997,Quarterly,7.0,0.0313,0.0363,Others,0.0502,0.05777682090442628,0.04621529447064687,0.07001197829142139,0.059741902575151655,0.04246747640536592,0.088587376643521,Financial Services,Banks - Regional,0.0,0.0,11.86,0.0577689243027887,-0.11117661622504496
FDBC,"Fidelity D & D Bancorp, Inc.",267.03M,1.72,0.0371,0.3614,0.0584,Quarterly,10.0,0.0571,0.0704,Others,0.0295,0.0327984971658376,0.02042730791881177,0.04397460980604661,0.03190607563720669,0.015772626899053916,0.06211608524450834,Financial Services,Banks - Regional,0.0,0.0,11.96,0.2576271186440679,0.16278794113859968
UBCP,"United Bancorp, Inc.",81.88M,0.93,0.0652,0.7021999999999999,0.076,Quarterly,5.0,0.0588,0.1005,Others,0.0471,0.06875163191837036,0.042115841296840935,0.134309521907113,0.06888205902286078,0.042115841296840935,0.134309521907113,Financial Services,Banks - Regional,0.0,0.0,11.47,0.384288747346072,-0.05345454353562183
